USE practice;

-- =====================================================
-- 전체 테이블 삭제 (의존성 순서)
-- =====================================================

-- G유형 (캠페인)
DROP TABLE IF EXISTS campaign_clicks;
DROP TABLE IF EXISTS campaign_opens;
DROP TABLE IF EXISTS campaign_sends;
DROP TABLE IF EXISTS campaigns;
DROP TABLE IF EXISTS marketing_costs;

-- F유형 (퍼널/AB테스트)
DROP TABLE IF EXISTS cart_items;
DROP TABLE IF EXISTS ab_test_users;

-- D유형 (리텐션)
DROP TABLE IF EXISTS login_logs;

-- C유형 (시계열)
DROP TABLE IF EXISTS daily_visitors;
DROP TABLE IF EXISTS daily_orders;
DROP TABLE IF EXISTS stock_prices;

-- B유형 (윈도우함수)
DROP TABLE IF EXISTS scores;
DROP TABLE IF EXISTS students;
DROP TABLE IF EXISTS sales;
DROP TABLE IF EXISTS salesperson;
DROP TABLE IF EXISTS daily_sales;
DROP TABLE IF EXISTS employees;
DROP TABLE IF EXISTS departments;

-- A유형 (도서/상품리뷰)
DROP TABLE IF EXISTS product_reviews;
DROP TABLE IF EXISTS reviews;
DROP TABLE IF EXISTS book_orders;
DROP TABLE IF EXISTS books;
DROP TABLE IF EXISTS authors;
DROP TABLE IF EXISTS categories;

-- 기본 테이블
DROP TABLE IF EXISTS app_logs;
DROP TABLE IF EXISTS order_items;
DROP TABLE IF EXISTS orders;
DROP TABLE IF EXISTS products;
DROP TABLE IF EXISTS stores;
DROP TABLE IF EXISTS users;

-- =====================================================
-- 기본 테이블 생성
-- =====================================================

CREATE TABLE users (
    id INT PRIMARY KEY,
    name VARCHAR(50),
    email VARCHAR(100),
    birth_date DATE,
    created_at DATETIME,
    utm_source VARCHAR(50),
    grade VARCHAR(20),
    phone VARCHAR(20),
    rfm_segment VARCHAR(20)
);

CREATE TABLE stores (
    id INT PRIMARY KEY,
    name VARCHAR(100),
    region VARCHAR(50),
    opened_at DATE
);

CREATE TABLE products (
    id INT PRIMARY KEY,
    name VARCHAR(100),
    category VARCHAR(50),
    category_id INT,
    size VARCHAR(20),
    price INT
);

CREATE TABLE orders (
    id INT PRIMARY KEY,
    user_id INT,
    store_id INT,
    order_datetime DATETIME,
    order_date DATE,
    total_amount INT,
    status VARCHAR(20)
);

CREATE TABLE order_items (
    id INT PRIMARY KEY,
    order_id INT,
    product_id INT,
    quantity INT,
    unit_price INT
);

CREATE TABLE app_logs (
    id INT PRIMARY KEY,
    user_id INT,
    event_name VARCHAR(50),
    event_date DATE,
    event_time DATETIME
);

CREATE TABLE marketing_costs (
    id INT PRIMARY KEY,
    ym VARCHAR(7),
    channel VARCHAR(50),
    cost INT
);

CREATE TABLE campaigns (
    id INT PRIMARY KEY,
    name VARCHAR(100),
    target_segment VARCHAR(50),
    budget INT,
    sent_at DATETIME
);

CREATE TABLE campaign_sends (
    id INT PRIMARY KEY,
    campaign_id INT,
    user_id INT,
    sent_at DATETIME
);

CREATE TABLE campaign_opens (
    id INT PRIMARY KEY,
    send_id INT,
    opened_at DATETIME
);

CREATE TABLE campaign_clicks (
    id INT PRIMARY KEY,
    send_id INT,
    clicked_at DATETIME
);

-- =====================================================
-- 기본 데이터 삽입
-- =====================================================

INSERT INTO users VALUES
(1, '김민수', 'minsu@email.com', '1990-03-15', '2024-01-05 10:30:00', 'google', 'Gold', '01012345678', 'VIP'),
(2, '이영희', 'younghee@email.com', '1988-07-22', '2024-01-07 14:20:00', 'instagram', 'Gold', '01023456789', 'VIP'),
(3, '박철수', 'chulsoo@email.com', '1995-11-08', '2024-01-10 09:15:00', 'google', 'Gold', '01034567890', 'Loyal'),
(4, '정미영', 'miyoung@email.com', '1992-04-30', '2024-01-12 16:45:00', 'facebook', 'Silver', '01045678901', 'Potential'),
(5, '홍길동', 'gildong@email.com', '1985-09-17', '2024-01-15 11:00:00', 'organic', 'Silver', '01056789012', 'Loyal'),
(6, '김서연', 'seoyeon@email.com', '1998-02-28', '2024-01-18 13:30:00', 'instagram', 'Gold', '01067890123', 'VIP'),
(7, '이준호', 'junho@email.com', '1991-06-12', '2024-01-20 08:45:00', 'google', 'Silver', '01078901234', 'Loyal'),
(8, '박지민', 'jimin@email.com', '1993-12-05', '2024-01-22 15:20:00', 'facebook', 'Bronze', '01089012345', 'New'),
(9, '최수진', 'sujin@email.com', '1989-08-19', '2024-01-25 10:10:00', 'organic', 'Bronze', '01090123456', 'AtRisk'),
(10, '강태우', 'taewoo@email.com', '1996-01-25', '2024-01-28 12:00:00', 'instagram', 'Silver', '01001234567', 'Potential'),
(11, '윤하나', 'hana@email.com', '1994-05-14', '2024-02-01 09:30:00', 'google', 'Silver', '01012341234', 'Loyal'),
(12, '장동건', 'donggun@email.com', '1987-10-03', '2024-02-05 14:15:00', 'facebook', 'Bronze', '01023452345', 'New'),
(13, '송지효', 'jihyo@email.com', '1997-03-21', '2024-02-08 11:45:00', 'instagram', 'Silver', '01034563456', 'Potential'),
(14, '임재범', 'jaebum@email.com', '1990-07-09', '2024-02-12 16:30:00', 'organic', 'Bronze', '01045674567', 'AtRisk'),
(15, '한소희', 'sohee@email.com', '1999-11-27', '2024-02-15 10:00:00', 'google', 'Silver', '01056785678', 'Potential'),
(16, '오민석', 'minseok@email.com', '1986-04-18', '2024-02-18 13:20:00', 'facebook', 'Bronze', '01067896789', 'New'),
(17, '신예은', 'yeeun@email.com', '1995-08-06', '2024-02-22 08:50:00', 'instagram', 'Silver', '01078907890', 'Loyal'),
(18, '권혁수', 'hyuksoo@email.com', '1992-12-14', '2024-02-25 15:40:00', 'google', 'Bronze', '01089018901', 'New'),
(19, '백지영', 'jiyoung@email.com', '1988-02-02', '2024-03-01 11:15:00', 'organic', 'Bronze', '01090129012', 'AtRisk'),
(20, '남궁민', 'namgoong@email.com', '1993-06-28', '2024-03-05 14:00:00', 'instagram', 'Bronze', '01011112222', 'New'),
(21, '서현진', 'hyunjin@email.com', '1991-09-11', '2024-03-08 09:45:00', 'google', 'Silver', '01022223333', 'Loyal'),
(22, '유재석', 'jaeseok@email.com', '1985-01-30', '2024-03-12 12:30:00', 'facebook', 'Bronze', '01033334444', 'New'),
(23, '전지현', 'jihyun@email.com', '1997-05-19', '2024-03-15 16:10:00', 'organic', 'Bronze', '01044445555', 'New'),
(24, '조인성', 'insung@email.com', '1989-11-07', '2024-03-18 10:55:00', 'instagram', 'Bronze', '01055556666', 'New'),
(25, '김태희', 'taehee@email.com', '1994-03-25', '2024-03-22 13:40:00', 'google', 'Bronze', '01066667777', 'New'),
(26, '이병헌', 'byunghun@email.com', '1986-08-13', '2024-03-25 08:20:00', 'facebook', 'Bronze', '01077778888', 'New'),
(27, '손예진', 'yejin@email.com', '1996-12-01', '2024-03-28 15:05:00', 'organic', 'Bronze', '01088889999', 'New'),
(28, '현빈', 'hyunbin@email.com', '1990-10-20', '2024-04-01 11:30:00', 'instagram', 'Bronze', '01099990000', 'New'),
(29, '공유', 'gongyoo@email.com', '1988-04-08', '2024-04-05 14:45:00', 'google', 'Bronze', '01010101010', 'New'),
(30, '수지', 'suzy@email.com', '1998-07-16', '2024-04-08 09:00:00', 'facebook', 'Bronze', '01020202020', 'New'),
-- 2024년 1월 가입 미구매 회원 (A-4 문제용)
(31, '노미구', 'nomigu@email.com', '1993-02-14', '2024-01-08 10:00:00', 'google', 'Bronze', '01031313131', 'New'),
(32, '안샀어', 'ansasseo@email.com', '1995-06-20', '2024-01-15 14:30:00', 'instagram', 'Bronze', '01032323232', 'New'),
(33, '김가입만', 'gaipman@email.com', '1991-09-05', '2024-01-22 11:15:00', 'facebook', 'Bronze', '01033333333', 'New');

INSERT INTO stores VALUES
(1, '강남점', '서울', '2023-01-15'),
(2, '홍대점', '서울', '2023-03-20'),
(3, '판교점', '경기', '2023-06-01'),
(4, '해운대점', '부산', '2023-09-10'),
(5, '동성로점', '대구', '2023-11-25');

-- products: category_id (1=커피, 2=논커피, 3=스무디, 4=디저트)
INSERT INTO products VALUES
(1, '아메리카노', '커피', 1, 'Regular', 4500),
(2, '아메리카노', '커피', 1, 'Large', 5000),
(3, '카페라떼', '커피', 1, 'Regular', 5000),
(4, '카페라떼', '커피', 1, 'Large', 5500),
(5, '바닐라라떼', '커피', 1, 'Regular', 5500),
(6, '바닐라라떼', '커피', 1, 'Large', 6000),
(7, '카라멜마끼아또', '커피', 1, 'Regular', 5800),
(8, '카라멜마끼아또', '커피', 1, 'Large', 6300),
(9, '녹차라떼', '논커피', 2, 'Regular', 5500),
(10, '녹차라떼', '논커피', 2, 'Large', 6000),
(11, '초코라떼', '논커피', 2, 'Regular', 5500),
(12, '초코라떼', '논커피', 2, 'Large', 6000),
(13, '딸기스무디', '스무디', 3, 'Regular', 6000),
(14, '망고스무디', '스무디', 3, 'Regular', 6000),
(15, '플레인요거트', '디저트', 4, 'Regular', 4000);

-- orders: order_date 추가, status (completed/cancelled/pending)
INSERT INTO orders VALUES
(1, 1, 1, '2024-01-06 08:30:00', '2024-01-06', 4500, 'completed'),
(2, 1, 1, '2024-01-10 09:15:00', '2024-01-10', 5000, 'completed'),
(3, 1, 1, '2024-01-15 08:45:00', '2024-01-15', 9500, 'completed'),
(4, 2, 2, '2024-01-08 14:30:00', '2024-01-08', 5500, 'completed'),
(5, 2, 2, '2024-01-20 15:00:00', '2024-01-20', 11000, 'completed'),
(6, 3, 1, '2024-01-12 10:00:00', '2024-01-12', 5000, 'completed'),
(7, 3, 1, '2024-01-18 09:30:00', '2024-01-18', 4500, 'completed'),
(8, 3, 3, '2024-01-25 11:15:00', '2024-01-25', 10000, 'completed'),
(9, 4, 2, '2024-01-15 16:00:00', '2024-01-15', 5800, 'completed'),
(10, 5, 1, '2024-01-17 11:30:00', '2024-01-17', 6000, 'completed'),
(11, 1, 1, '2024-02-01 08:20:00', '2024-02-01', 4500, 'completed'),
(12, 1, 1, '2024-02-05 09:00:00', '2024-02-05', 5500, 'completed'),
(13, 1, 1, '2024-02-10 08:40:00', '2024-02-10', 4500, 'completed'),
(14, 1, 1, '2024-02-15 09:10:00', '2024-02-15', 5000, 'completed'),
(15, 2, 2, '2024-02-03 14:45:00', '2024-02-03', 6000, 'completed'),
(16, 2, 2, '2024-02-18 15:30:00', '2024-02-18', 5500, 'completed'),
(17, 3, 1, '2024-02-02 10:15:00', '2024-02-02', 4500, 'completed'),
(18, 3, 3, '2024-02-08 11:00:00', '2024-02-08', 5000, 'completed'),
(19, 3, 1, '2024-02-14 09:45:00', '2024-02-14', 9000, 'completed'),
(20, 3, 1, '2024-02-20 10:30:00', '2024-02-20', 4500, 'completed'),
(21, 4, 2, '2024-02-05 16:15:00', '2024-02-05', 5800, 'completed'),
(22, 4, 2, '2024-02-25 17:00:00', '2024-02-25', 6300, 'completed'),
(23, 5, 1, '2024-02-10 11:45:00', '2024-02-10', 5500, 'completed'),
(24, 5, 4, '2024-02-22 12:30:00', '2024-02-22', 6000, 'completed'),
(25, 6, 2, '2024-02-01 13:00:00', '2024-02-01', 5000, 'completed'),
(26, 6, 2, '2024-02-08 14:15:00', '2024-02-08', 5500, 'completed'),
(27, 6, 2, '2024-02-15 13:30:00', '2024-02-15', 4500, 'completed'),
(28, 7, 1, '2024-02-03 08:50:00', '2024-02-03', 4500, 'completed'),
(29, 7, 1, '2024-02-10 09:20:00', '2024-02-10', 5000, 'completed'),
(30, 8, 3, '2024-02-05 15:00:00', '2024-02-05', 6000, 'completed'),
(31, 1, 1, '2024-03-01 08:15:00', '2024-03-01', 4500, 'completed'),
(32, 1, 1, '2024-03-05 09:00:00', '2024-03-05', 4500, 'completed'),
(33, 1, 1, '2024-03-10 08:30:00', '2024-03-10', 5500, 'completed'),
(34, 1, 1, '2024-03-15 09:15:00', '2024-03-15', 4500, 'completed'),
(35, 1, 1, '2024-03-20 08:45:00', '2024-03-20', 5000, 'completed'),
(36, 2, 2, '2024-03-03 14:30:00', '2024-03-03', 5500, 'completed'),
(37, 2, 2, '2024-03-12 15:15:00', '2024-03-12', 6000, 'completed'),
(38, 2, 2, '2024-03-22 14:45:00', '2024-03-22', 5500, 'completed'),
(39, 3, 1, '2024-03-02 10:00:00', '2024-03-02', 4500, 'completed'),
(40, 3, 1, '2024-03-08 09:30:00', '2024-03-08', 5000, 'completed'),
(41, 3, 3, '2024-03-15 11:00:00', '2024-03-15', 5500, 'completed'),
(42, 3, 1, '2024-03-22 10:15:00', '2024-03-22', 4500, 'completed'),
(43, 3, 1, '2024-03-28 09:45:00', '2024-03-28', 9500, 'completed'),
(44, 4, 2, '2024-03-05 16:30:00', '2024-03-05', 5800, 'completed'),
(45, 4, 2, '2024-03-18 17:15:00', '2024-03-18', 5800, 'completed'),
(46, 5, 1, '2024-03-08 11:30:00', '2024-03-08', 6000, 'completed'),
(47, 5, 4, '2024-03-20 12:00:00', '2024-03-20', 5500, 'completed'),
(48, 6, 2, '2024-03-01 13:15:00', '2024-03-01', 4500, 'completed'),
(49, 6, 2, '2024-03-10 14:00:00', '2024-03-10', 5000, 'completed'),
(50, 6, 2, '2024-03-18 13:45:00', '2024-03-18', 5500, 'completed'),
(51, 6, 2, '2024-03-25 14:30:00', '2024-03-25', 4500, 'completed'),
(52, 7, 1, '2024-03-05 08:45:00', '2024-03-05', 4500, 'completed'),
(53, 7, 1, '2024-03-12 09:15:00', '2024-03-12', 5500, 'completed'),
(54, 7, 1, '2024-03-20 08:30:00', '2024-03-20', 4500, 'completed'),
(55, 8, 3, '2024-03-08 15:15:00', '2024-03-08', 5500, 'completed'),
(56, 8, 3, '2024-03-22 16:00:00', '2024-03-22', 6000, 'completed'),
(57, 9, 1, '2024-03-10 10:30:00', '2024-03-10', 5000, 'completed'),
(58, 9, 1, '2024-03-25 11:15:00', '2024-03-25', 5500, 'completed'),
(59, 10, 2, '2024-03-05 12:00:00', '2024-03-05', 6000, 'completed'),
(60, 10, 2, '2024-03-15 12:45:00', '2024-03-15', 5500, 'completed'),
(61, 1, 1, '2024-04-01 08:20:00', '2024-04-01', 4500, 'completed'),
(62, 1, 1, '2024-04-05 09:00:00', '2024-04-05', 5000, 'completed'),
(63, 1, 1, '2024-04-10 08:35:00', '2024-04-10', 4500, 'completed'),
(64, 2, 2, '2024-04-02 14:30:00', '2024-04-02', 5500, 'completed'),
(65, 2, 2, '2024-04-15 15:00:00', '2024-04-15', 6000, 'completed'),
(66, 3, 1, '2024-04-03 10:00:00', '2024-04-03', 4500, 'completed'),
(67, 3, 1, '2024-04-08 09:30:00', '2024-04-08', 5000, 'completed'),
(68, 3, 3, '2024-04-15 11:00:00', '2024-04-15', 5500, 'completed'),
(69, 5, 1, '2024-04-05 11:30:00', '2024-04-05', 5500, 'completed'),
(70, 5, 4, '2024-04-18 12:15:00', '2024-04-18', 6000, 'completed'),
(71, 6, 2, '2024-04-02 13:00:00', '2024-04-02', 4500, 'completed'),
(72, 6, 2, '2024-04-10 14:00:00', '2024-04-10', 5500, 'completed'),
(73, 6, 2, '2024-04-18 13:30:00', '2024-04-18', 5000, 'completed'),
(74, 7, 1, '2024-04-03 08:45:00', '2024-04-03', 4500, 'completed'),
(75, 7, 1, '2024-04-12 09:20:00', '2024-04-12', 5000, 'completed'),
(76, 11, 1, '2024-04-05 09:30:00', '2024-04-05', 5000, 'completed'),
(77, 11, 1, '2024-04-12 10:00:00', '2024-04-12', 5500, 'completed'),
(78, 12, 3, '2024-04-08 14:15:00', '2024-04-08', 6000, 'completed'),
(79, 13, 2, '2024-04-10 11:45:00', '2024-04-10', 5500, 'completed'),
(80, 13, 2, '2024-04-18 12:30:00', '2024-04-18', 6000, 'completed'),
(81, 14, 1, '2024-04-15 16:30:00', '2024-04-15', 5000, 'completed'),
(82, 15, 4, '2024-04-18 10:00:00', '2024-04-18', 5500, 'completed'),
(83, 15, 4, '2024-04-25 10:45:00', '2024-04-25', 6000, 'completed'),
(84, 16, 2, '2024-04-20 13:20:00', '2024-04-20', 5800, 'completed'),
(85, 17, 5, '2024-04-22 08:50:00', '2024-04-22', 4500, 'completed'),
(86, 17, 5, '2024-04-28 09:15:00', '2024-04-28', 5000, 'completed'),
(87, 18, 1, '2024-04-25 15:40:00', '2024-04-25', 5500, 'completed'),
(88, 19, 3, '2024-04-28 11:15:00', '2024-04-28', 6000, 'completed'),
(89, 20, 2, '2024-04-30 14:00:00', '2024-04-30', 5000, 'completed'),
(90, 21, 1, '2024-04-08 09:45:00', '2024-04-08', 4500, 'completed'),
(91, 21, 1, '2024-04-15 10:15:00', '2024-04-15', 5000, 'completed'),
(92, 21, 1, '2024-04-22 09:30:00', '2024-04-22', 4500, 'completed'),
(93, 22, 3, '2024-04-12 12:30:00', '2024-04-12', 5500, 'completed'),
(94, 23, 4, '2024-04-18 16:10:00', '2024-04-18', 6000, 'completed'),
(95, 24, 2, '2024-04-20 10:55:00', '2024-04-20', 5500, 'completed'),
(96, 25, 1, '2024-04-22 13:40:00', '2024-04-22', 5000, 'completed'),
(97, 26, 5, '2024-04-25 08:20:00', '2024-04-25', 4500, 'completed'),
(98, 27, 4, '2024-04-28 15:05:00', '2024-04-28', 5500, 'completed'),
(99, 28, 2, '2024-04-02 11:30:00', '2024-04-02', 6000, 'completed'),
(100, 29, 1, '2024-04-08 14:45:00', '2024-04-08', 5000, 'completed');

INSERT INTO order_items VALUES
(1, 1, 1, 1, 4500),
(2, 2, 2, 1, 5000),
(3, 3, 1, 1, 4500),
(4, 3, 3, 1, 5000),
(5, 4, 5, 1, 5500),
(6, 5, 5, 2, 5500),
(7, 6, 2, 1, 5000),
(8, 7, 1, 1, 4500),
(9, 8, 3, 2, 5000),
(10, 9, 7, 1, 5800),
(11, 10, 6, 1, 6000),
(12, 11, 1, 1, 4500),
(13, 12, 5, 1, 5500),
(14, 13, 1, 1, 4500),
(15, 14, 2, 1, 5000);

INSERT INTO app_logs VALUES
(1, 1, 'app_open', '2024-01-06', '2024-01-06 08:25:00'),
(2, 1, 'view_menu', '2024-01-06', '2024-01-06 08:27:00'),
(3, 1, 'order_complete', '2024-01-06', '2024-01-06 08:30:00'),
(4, 1, 'app_open', '2024-01-10', '2024-01-10 09:10:00'),
(5, 1, 'order_complete', '2024-01-10', '2024-01-10 09:15:00'),
(6, 1, 'app_open', '2024-01-15', '2024-01-15 08:40:00'),
(7, 1, 'order_complete', '2024-01-15', '2024-01-15 08:45:00'),
(8, 1, 'app_open', '2024-02-01', '2024-02-01 08:15:00'),
(9, 1, 'order_complete', '2024-02-01', '2024-02-01 08:20:00'),
(10, 1, 'app_open', '2024-02-05', '2024-02-05 08:55:00'),
(11, 1, 'order_complete', '2024-02-05', '2024-02-05 09:00:00'),
(12, 1, 'app_open', '2024-02-10', '2024-02-10 08:35:00'),
(13, 1, 'order_complete', '2024-02-10', '2024-02-10 08:40:00'),
(14, 1, 'app_open', '2024-03-01', '2024-03-01 08:10:00'),
(15, 1, 'order_complete', '2024-03-01', '2024-03-01 08:15:00'),
(16, 2, 'app_open', '2024-01-08', '2024-01-08 14:25:00'),
(17, 2, 'order_complete', '2024-01-08', '2024-01-08 14:30:00'),
(18, 2, 'app_open', '2024-01-20', '2024-01-20 14:55:00'),
(19, 2, 'order_complete', '2024-01-20', '2024-01-20 15:00:00'),
(20, 2, 'app_open', '2024-02-03', '2024-02-03 14:40:00'),
(21, 2, 'order_complete', '2024-02-03', '2024-02-03 14:45:00'),
(22, 2, 'app_open', '2024-03-03', '2024-03-03 14:25:00'),
(23, 2, 'order_complete', '2024-03-03', '2024-03-03 14:30:00'),
(24, 3, 'app_open', '2024-01-12', '2024-01-12 09:55:00'),
(25, 3, 'order_complete', '2024-01-12', '2024-01-12 10:00:00'),
(26, 3, 'app_open', '2024-01-18', '2024-01-18 09:25:00'),
(27, 3, 'order_complete', '2024-01-18', '2024-01-18 09:30:00'),
(28, 3, 'app_open', '2024-01-25', '2024-01-25 11:10:00'),
(29, 3, 'order_complete', '2024-01-25', '2024-01-25 11:15:00'),
(30, 3, 'app_open', '2024-02-02', '2024-02-02 10:10:00'),
(31, 3, 'order_complete', '2024-02-02', '2024-02-02 10:15:00'),
(32, 3, 'app_open', '2024-02-08', '2024-02-08 10:55:00'),
(33, 3, 'order_complete', '2024-02-08', '2024-02-08 11:00:00'),
(34, 3, 'app_open', '2024-02-14', '2024-02-14 09:40:00'),
(35, 3, 'order_complete', '2024-02-14', '2024-02-14 09:45:00'),
(36, 4, 'app_open', '2024-01-15', '2024-01-15 15:55:00'),
(37, 4, 'order_complete', '2024-01-15', '2024-01-15 16:00:00'),
(38, 4, 'app_open', '2024-02-05', '2024-02-05 16:10:00'),
(39, 4, 'order_complete', '2024-02-05', '2024-02-05 16:15:00'),
(40, 5, 'app_open', '2024-01-17', '2024-01-17 11:25:00'),
(41, 5, 'order_complete', '2024-01-17', '2024-01-17 11:30:00'),
(42, 5, 'app_open', '2024-02-10', '2024-02-10 11:40:00'),
(43, 5, 'order_complete', '2024-02-10', '2024-02-10 11:45:00'),
(44, 8, 'app_open', '2024-02-05', '2024-02-05 14:55:00'),
(45, 8, 'order_complete', '2024-02-05', '2024-02-05 15:00:00'),
(46, 9, 'app_open', '2024-03-10', '2024-03-10 10:25:00'),
(47, 9, 'order_complete', '2024-03-10', '2024-03-10 10:30:00');

INSERT INTO marketing_costs VALUES
(1, '2024-01', 'google', 5000000),
(2, '2024-01', 'instagram', 3000000),
(3, '2024-01', 'facebook', 2000000),
(4, '2024-02', 'google', 6000000),
(5, '2024-02', 'instagram', 4000000),
(6, '2024-02', 'facebook', 2500000),
(7, '2024-03', 'google', 7000000),
(8, '2024-03', 'instagram', 5000000),
(9, '2024-03', 'facebook', 3000000),
(10, '2024-04', 'google', 8000000),
(11, '2024-04', 'instagram', 6000000),
(12, '2024-04', 'facebook', 3500000);

INSERT INTO campaigns VALUES
(1, '1월 신규가입 환영', 'new_user', 1000000, '2024-01-15 10:00:00'),
(2, '2월 재방문 유도', 'dormant', 800000, '2024-02-10 10:00:00'),
(3, '3월 VIP 감사', 'vip', 500000, '2024-03-01 10:00:00'),
(4, '4월 봄맞이 프로모션', 'all', 1500000, '2024-04-01 10:00:00');

INSERT INTO campaign_sends VALUES
(1, 1, 1, '2024-01-15 10:00:00'),
(2, 1, 2, '2024-01-15 10:00:00'),
(3, 1, 3, '2024-01-15 10:00:00'),
(4, 1, 4, '2024-01-15 10:00:00'),
(5, 1, 5, '2024-01-15 10:00:00'),
(6, 2, 4, '2024-02-10 10:00:00'),
(7, 2, 8, '2024-02-10 10:00:00'),
(8, 2, 9, '2024-02-10 10:00:00'),
(9, 3, 1, '2024-03-01 10:00:00'),
(10, 3, 3, '2024-03-01 10:00:00'),
(11, 3, 6, '2024-03-01 10:00:00'),
(12, 4, 1, '2024-04-01 10:00:00'),
(13, 4, 2, '2024-04-01 10:00:00'),
(14, 4, 3, '2024-04-01 10:00:00'),
(15, 4, 5, '2024-04-01 10:00:00'),
(16, 4, 6, '2024-04-01 10:00:00'),
(17, 4, 7, '2024-04-01 10:00:00'),
(18, 4, 10, '2024-04-01 10:00:00'),
(19, 4, 11, '2024-04-01 10:00:00'),
(20, 4, 12, '2024-04-01 10:00:00');

INSERT INTO campaign_opens VALUES
(1, 1, '2024-01-15 10:05:00'),
(2, 2, '2024-01-15 10:10:00'),
(3, 3, '2024-01-15 10:08:00'),
(4, 5, '2024-01-15 10:15:00'),
(5, 6, '2024-02-10 10:12:00'),
(6, 9, '2024-03-01 10:20:00'),
(7, 10, '2024-03-01 10:18:00'),
(8, 12, '2024-04-01 10:03:00'),
(9, 13, '2024-04-01 10:07:00'),
(10, 14, '2024-04-01 10:05:00'),
(11, 15, '2024-04-01 10:10:00'),
(12, 17, '2024-04-01 10:08:00'),
(13, 19, '2024-04-01 10:15:00');

INSERT INTO campaign_clicks VALUES
(1, 1, '2024-01-15 10:06:00'),
(2, 3, '2024-01-15 10:09:00'),
(3, 6, '2024-02-10 10:15:00'),
(4, 10, '2024-03-01 10:20:00'),
(5, 12, '2024-04-01 10:05:00'),
(6, 14, '2024-04-01 10:08:00'),
(7, 17, '2024-04-01 10:12:00');

-- =====================================================
-- A유형: 작가/도서/리뷰/카테고리
-- =====================================================

CREATE TABLE categories (
    id INT PRIMARY KEY,
    name VARCHAR(50)
);

CREATE TABLE authors (
    id INT PRIMARY KEY,
    name VARCHAR(50),
    country VARCHAR(50)
);

CREATE TABLE books (
    id INT PRIMARY KEY,
    title VARCHAR(100),
    author_id INT,
    price INT,
    category VARCHAR(50)
);

CREATE TABLE book_orders (
    id INT PRIMARY KEY,
    book_id INT,
    user_id INT,
    quantity INT,
    order_date DATE
);

CREATE TABLE reviews (
    id INT PRIMARY KEY,
    book_id INT,
    user_id INT,
    rating DECIMAL(2,1),
    review_date DATE
);

-- 작가 데이터
INSERT INTO authors VALUES
(1, '김영하', '한국'),
(2, '한강', '한국'),
(3, '무라카미 하루키', '일본'),
(4, '베르나르 베르베르', '프랑스'),
(5, '유발 하라리', '이스라엘'),
(6, '조정래', '한국'),
(7, '신경숙', '한국'),
(8, '파울로 코엘료', '브라질');

-- 도서 데이터
INSERT INTO books VALUES
(1, '살인자의 기억법', 1, 14000, '소설'),
(2, '채식주의자', 2, 13000, '소설'),
(3, '노르웨이의 숲', 3, 15000, '소설'),
(4, '개미', 4, 16000, 'SF'),
(5, '사피엔스', 5, 22000, '인문'),
(6, '태백산맥', 6, 18000, '소설'),
(7, '엄마를 부탁해', 7, 13500, '소설'),
(8, '연금술사', 8, 12000, '소설'),
(9, '작별인사', 1, 14500, '소설'),
(10, '소년이 온다', 2, 14000, '소설'),
(11, '1Q84', 3, 25000, '소설'),
(12, '뇌', 4, 15000, 'SF'),
(13, '호모 데우스', 5, 23000, '인문'),
(14, '한강', 6, 17000, '소설'),
(15, '빈집', 7, 12500, '소설'),
(16, '11분', 8, 13000, '소설');

-- 도서 주문 데이터 (2024년)
INSERT INTO book_orders VALUES
(1, 1, 1, 2, '2024-01-15'),
(2, 2, 2, 1, '2024-01-18'),
(3, 3, 3, 3, '2024-01-20'),
(4, 5, 4, 2, '2024-01-22'),
(5, 1, 5, 1, '2024-02-01'),
(6, 4, 6, 2, '2024-02-05'),
(7, 2, 7, 1, '2024-02-10'),
(8, 3, 8, 2, '2024-02-15'),
(9, 5, 9, 3, '2024-02-20'),
(10, 6, 10, 1, '2024-02-25'),
(11, 1, 11, 3, '2024-03-01'),
(12, 9, 12, 2, '2024-03-05'),
(13, 10, 13, 1, '2024-03-10'),
(14, 11, 14, 2, '2024-03-15'),
(15, 3, 15, 4, '2024-03-20'),
(16, 5, 16, 2, '2024-03-25'),
(17, 1, 17, 2, '2024-04-01'),
(18, 2, 18, 3, '2024-04-05'),
(19, 4, 19, 1, '2024-04-10'),
(20, 8, 20, 2, '2024-04-15'),
(21, 3, 1, 2, '2024-04-20'),
(22, 5, 2, 1, '2024-04-25'),
(23, 9, 3, 3, '2024-05-01'),
(24, 10, 4, 2, '2024-05-05'),
(25, 11, 5, 1, '2024-05-10'),
(26, 1, 6, 2, '2024-05-15'),
(27, 2, 7, 1, '2024-05-20'),
(28, 3, 8, 3, '2024-05-25'),
(29, 13, 9, 2, '2024-06-01'),
(30, 5, 10, 2, '2024-06-05'),
(31, 6, 11, 1, '2024-06-10'),
(32, 7, 12, 2, '2024-06-15'),
(33, 8, 13, 3, '2024-06-20'),
(34, 12, 14, 1, '2024-06-25'),
(35, 1, 15, 2, '2024-07-01'),
(36, 3, 16, 1, '2024-07-05'),
(37, 5, 17, 3, '2024-07-10'),
(38, 9, 18, 2, '2024-07-15'),
(39, 11, 19, 1, '2024-07-20'),
(40, 2, 20, 2, '2024-07-25');

-- 리뷰 데이터
INSERT INTO reviews VALUES
(1, 1, 1, 4.5, '2024-01-20'),
(2, 1, 5, 4.0, '2024-02-05'),
(3, 1, 11, 4.5, '2024-03-08'),
(4, 2, 2, 5.0, '2024-01-25'),
(5, 2, 7, 4.5, '2024-02-15'),
(6, 2, 18, 4.0, '2024-04-10'),
(7, 3, 3, 4.0, '2024-01-25'),
(8, 3, 8, 4.5, '2024-02-20'),
(9, 3, 15, 4.0, '2024-03-25'),
(10, 5, 4, 5.0, '2024-01-28'),
(11, 5, 9, 4.5, '2024-02-25'),
(12, 5, 16, 4.5, '2024-04-01'),
(13, 9, 12, 4.0, '2024-03-10'),
(14, 9, 3, 4.5, '2024-05-05'),
(15, 10, 13, 4.5, '2024-03-15'),
(16, 10, 4, 4.0, '2024-05-10'),
(17, 11, 14, 4.0, '2024-03-20'),
(18, 11, 5, 4.5, '2024-05-15'),
(19, 4, 6, 4.0, '2024-02-10'),
(20, 4, 19, 4.5, '2024-04-15'),
(21, 6, 10, 4.0, '2024-03-01'),
(22, 8, 20, 4.5, '2024-04-20'),
(23, 8, 13, 4.0, '2024-06-25'),
(24, 13, 9, 4.5, '2024-06-05');

-- 카테고리 데이터
INSERT INTO categories VALUES
(1, '커피'),
(2, '논커피'),
(3, '스무디'),
(4, '디저트'),
(5, '소설'),
(6, 'SF'),
(7, '인문');

-- 상품 리뷰 테이블 (A-6용, 도서 리뷰와 별도)
CREATE TABLE product_reviews (
    id INT PRIMARY KEY,
    product_id INT,
    user_id INT,
    rating DECIMAL(2,1),
    content VARCHAR(200),
    created_at DATE
);

-- 상품 리뷰 데이터 (카페 상품용)
INSERT INTO product_reviews VALUES
(1, 1, 1, 4.5, '맛있어요', '2024-01-10'),
(2, 1, 2, 4.0, '좋아요', '2024-01-12'),
(3, 1, 3, 4.5, '매일 마셔요', '2024-01-15'),
(4, 1, 5, 5.0, '최고!', '2024-01-20'),
(5, 1, 6, 4.0, '괜찮아요', '2024-01-25'),
(6, 1, 7, 4.5, '추천해요', '2024-02-01'),
(7, 2, 1, 4.0, '양이 많아요', '2024-01-15'),
(8, 2, 3, 4.5, '좋습니다', '2024-01-20'),
(9, 2, 4, 4.0, '맛있어요', '2024-01-28'),
(10, 2, 8, 4.5, '자주 시켜요', '2024-02-05'),
(11, 2, 9, 5.0, '완벽!', '2024-02-10'),
(12, 3, 2, 5.0, '부드러워요', '2024-01-12'),
(13, 3, 5, 4.5, '달달해요', '2024-01-18'),
(14, 3, 7, 4.0, '맛있음', '2024-01-25'),
(15, 3, 10, 4.5, '좋아요', '2024-02-01'),
(16, 3, 11, 4.0, '추천', '2024-02-08'),
(17, 5, 1, 4.5, '바닐라 향 좋음', '2024-01-20'),
(18, 5, 4, 5.0, '최애 음료', '2024-01-28'),
(19, 5, 6, 4.5, '맛있어요', '2024-02-05'),
(20, 5, 8, 4.0, '달아요', '2024-02-12'),
(21, 5, 12, 4.5, '좋음', '2024-02-20'),
(22, 7, 2, 4.0, '카라멜 맛 좋음', '2024-01-15'),
(23, 7, 3, 4.5, '달달해요', '2024-01-22'),
(24, 7, 9, 5.0, '인생음료', '2024-02-01'),
(25, 7, 10, 4.0, '괜찮음', '2024-02-10'),
(26, 7, 13, 4.5, '맛있어요', '2024-02-18'),
(27, 9, 5, 4.5, '녹차 맛 좋음', '2024-01-20'),
(28, 9, 7, 4.0, '부드러움', '2024-01-28'),
(29, 9, 11, 4.5, '추천해요', '2024-02-05'),
(30, 9, 14, 5.0, '최고', '2024-02-15');

-- =====================================================
-- B유형: 부서/직원/학생/영업사원/일별매출
-- =====================================================

CREATE TABLE departments (
    id INT PRIMARY KEY,
    name VARCHAR(50),
    location VARCHAR(50)
);

CREATE TABLE employees (
    id INT PRIMARY KEY,
    name VARCHAR(50),
    dept_id INT,
    salary INT,
    hire_date DATE,
    manager_id INT
);

CREATE TABLE students (
    id INT PRIMARY KEY,
    name VARCHAR(50),
    class_id INT
);

CREATE TABLE scores (
    id INT PRIMARY KEY,
    student_id INT,
    subject VARCHAR(50),
    score INT
);

CREATE TABLE salesperson (
    id INT PRIMARY KEY,
    name VARCHAR(50),
    hire_date DATE
);

CREATE TABLE sales (
    id INT PRIMARY KEY,
    salesperson_id INT,
    amount INT,
    sale_date DATE
);

CREATE TABLE daily_sales (
    id INT PRIMARY KEY,
    sale_date DATE,
    product_id INT,
    revenue INT
);

-- 부서 데이터
INSERT INTO departments VALUES
(1, '개발팀', '서울'),
(2, '마케팅팀', '서울'),
(3, '영업팀', '부산'),
(4, '인사팀', '서울'),
(5, '재무팀', '경기');

-- 직원 데이터
INSERT INTO employees VALUES
(1, 'CEO김', 1, 15000, '2020-01-01', NULL),
(2, 'CTO이', 1, 12000, '2020-03-15', 1),
(3, '개발자박', 1, 7000, '2021-06-01', 2),
(4, '개발자최', 1, 7500, '2021-08-15', 2),
(5, '개발자정', 1, 6500, '2022-01-10', 2),
(6, '개발자강', 1, 6500, '2022-03-20', 2),
(7, '마케팅장', 2, 8000, '2020-05-01', 1),
(8, '마케터윤', 2, 5500, '2021-09-01', 7),
(9, '마케터임', 2, 5000, '2022-02-15', 7),
(10, '마케터한', 2, 5000, '2022-06-01', 7),
(11, '영업부장', 3, 9000, '2020-04-01', 1),
(12, '영업사원A', 3, 5500, '2021-07-01', 11),
(13, '영업사원B', 3, 5000, '2022-01-15', 11),
(14, '영업사원C', 3, 4800, '2022-05-01', 11),
(15, '인사팀장', 4, 7500, '2020-06-01', 1),
(16, '인사담당', 4, 4500, '2021-11-01', 15),
(17, '재무팀장', 5, 8500, '2020-07-01', 1),
(18, '회계사A', 5, 5500, '2021-10-01', 17),
(19, '회계사B', 5, 5000, '2022-04-01', 17),
(20, '인턴', 1, 2500, '2024-01-02', 3);

-- 학생 데이터
INSERT INTO students VALUES
(1, '학생A', 1), (2, '학생B', 1), (3, '학생C', 1), (4, '학생D', 1), (5, '학생E', 1),
(6, '학생F', 2), (7, '학생G', 2), (8, '학생H', 2), (9, '학생I', 2), (10, '학생J', 2),
(11, '학생K', 3), (12, '학생L', 3), (13, '학생M', 3), (14, '학생N', 3), (15, '학생O', 3),
(16, '학생P', 1), (17, '학생Q', 2), (18, '학생R', 3), (19, '학생S', 1), (20, '학생T', 2);

-- 성적 데이터
INSERT INTO scores VALUES
(1, 1, '국어', 95), (2, 1, '수학', 88), (3, 1, '영어', 92),
(4, 2, '국어', 78), (5, 2, '수학', 95), (6, 2, '영어', 85),
(7, 3, '국어', 88), (8, 3, '수학', 90), (9, 3, '영어', 87),
(10, 4, '국어', 92), (11, 4, '수학', 75), (12, 4, '영어', 90),
(13, 5, '국어', 70), (14, 5, '수학', 72), (15, 5, '영어', 68),
(16, 6, '국어', 85), (17, 6, '수학', 88), (18, 6, '영어', 82),
(19, 7, '국어', 90), (20, 7, '수학', 92), (21, 7, '영어', 95),
(22, 8, '국어', 75), (23, 8, '수학', 80), (24, 8, '영어', 78),
(25, 9, '국어', 82), (26, 9, '수학', 85), (27, 9, '영어', 80),
(28, 10, '국어', 98), (29, 10, '수학', 97), (30, 10, '영어', 99),
(31, 11, '국어', 60), (32, 11, '수학', 65), (33, 11, '영어', 62),
(34, 12, '국어', 88), (35, 12, '수학', 85), (36, 12, '영어', 90),
(37, 13, '국어', 72), (38, 13, '수학', 78), (39, 13, '영어', 75),
(40, 14, '국어', 95), (41, 14, '수학', 93), (42, 14, '영어', 91),
(43, 15, '국어', 80), (44, 15, '수학', 82), (45, 15, '영어', 85),
(46, 16, '국어', 77), (47, 16, '수학', 79), (48, 16, '영어', 81),
(49, 17, '국어', 83), (50, 17, '수학', 86), (51, 17, '영어', 84),
(52, 18, '국어', 91), (53, 18, '수학', 89), (54, 18, '영어', 93),
(55, 19, '국어', 65), (56, 19, '수학', 68), (57, 19, '영어', 70),
(58, 20, '국어', 87), (59, 20, '수학', 84), (60, 20, '영어', 88);

-- 영업사원 데이터
INSERT INTO salesperson VALUES
(1, '영업왕김', '2022-01-15'),
(2, '영업천재이', '2022-03-01'),
(3, '영업달인박', '2022-06-15'),
(4, '영업신입최', '2023-01-10'),
(5, '영업베테랑정', '2021-05-01');

-- 영업실적 데이터
INSERT INTO sales VALUES
(1, 1, 500000, '2024-01-10'), (2, 1, 750000, '2024-01-25'),
(3, 1, 600000, '2024-02-08'), (4, 1, 800000, '2024-02-20'),
(5, 1, 900000, '2024-03-05'), (6, 1, 650000, '2024-03-18'),
(7, 2, 400000, '2024-01-12'), (8, 2, 550000, '2024-01-28'),
(9, 2, 700000, '2024-02-10'), (10, 2, 480000, '2024-02-22'),
(11, 2, 620000, '2024-03-08'), (12, 2, 580000, '2024-03-22'),
(13, 3, 350000, '2024-01-15'), (14, 3, 420000, '2024-02-05'),
(15, 3, 380000, '2024-02-25'), (16, 3, 450000, '2024-03-10'),
(17, 4, 200000, '2024-01-20'), (18, 4, 280000, '2024-02-15'),
(19, 4, 320000, '2024-03-01'), (20, 4, 350000, '2024-03-25'),
(21, 5, 800000, '2024-01-08'), (22, 5, 950000, '2024-01-22'),
(23, 5, 880000, '2024-02-12'), (24, 5, 920000, '2024-03-02'),
(25, 5, 1000000, '2024-03-20');

-- 일별 매출 데이터 (B-5, C-3용)
INSERT INTO daily_sales VALUES
(1, '2024-01-01', 1, 45000), (2, '2024-01-01', 2, 52000), (3, '2024-01-01', 3, 38000),
(4, '2024-01-02', 1, 48000), (5, '2024-01-02', 2, 49000), (6, '2024-01-02', 3, 41000),
(7, '2024-01-03', 1, 52000), (8, '2024-01-03', 2, 47000), (9, '2024-01-03', 3, 43000),
(10, '2024-01-04', 1, 55000), (11, '2024-01-04', 2, 51000), (12, '2024-01-04', 3, 45000),
(13, '2024-01-05', 1, 58000), (14, '2024-01-05', 2, 54000), (15, '2024-01-05', 3, 47000),
(16, '2024-01-06', 1, 62000), (17, '2024-01-06', 2, 58000), (18, '2024-01-06', 3, 50000),
(19, '2024-01-07', 1, 65000), (20, '2024-01-07', 2, 61000), (21, '2024-01-07', 3, 52000),
(22, '2024-01-08', 1, 60000), (23, '2024-01-08', 2, 63000), (24, '2024-01-08', 3, 48000),
(25, '2024-01-09', 1, 58000), (26, '2024-01-09', 2, 59000), (27, '2024-01-09', 3, 51000),
(28, '2024-01-10', 1, 55000), (29, '2024-01-10', 2, 57000), (30, '2024-01-10', 3, 49000);

-- =====================================================
-- C유형: 시계열 데이터
-- =====================================================

CREATE TABLE daily_visitors (
    id INT PRIMARY KEY,
    visit_date DATE,
    visitor_count INT
);

CREATE TABLE daily_orders (
    id INT PRIMARY KEY,
    order_date DATE,
    number_of_orders INT
);

CREATE TABLE stock_prices (
    id INT PRIMARY KEY,
    price_date DATE,
    price DECIMAL(10,2)
);

-- 일별 방문자 데이터
INSERT INTO daily_visitors VALUES
(1, '2024-01-01', 1200), (2, '2024-01-02', 1350), (3, '2024-01-03', 1280),
(4, '2024-01-04', 1420), (5, '2024-01-05', 1380), (6, '2024-01-06', 1550),
(7, '2024-01-07', 1620), (8, '2024-01-08', 1480), (9, '2024-01-09', 1390),
(10, '2024-01-10', 1450), (11, '2024-01-11', 1520), (12, '2024-01-12', 1680),
(13, '2024-01-13', 1750), (14, '2024-01-14', 1600);

-- 일별 주문 데이터 (NULL 포함 - C-5용)
INSERT INTO daily_orders VALUES
(1, '2024-05-08', 150), (2, '2024-05-09', 165), (3, '2024-05-10', 142),
(4, '2024-05-11', NULL), (5, '2024-05-12', NULL), (6, '2024-05-13', 178),
(7, '2024-05-14', 185), (8, '2024-05-15', NULL), (9, '2024-05-16', 192);

-- 주가 데이터 (C-6용)
INSERT INTO stock_prices VALUES
(1, '2024-01-02', 50000), (2, '2024-01-03', 51200), (3, '2024-01-04', 52500),
(4, '2024-01-05', 53800), (5, '2024-01-08', 52100), (6, '2024-01-09', 53500),
(7, '2024-01-10', 54200), (8, '2024-01-11', 55800), (9, '2024-01-12', 56500),
(10, '2024-01-15', 55200), (11, '2024-01-16', 56800), (12, '2024-01-17', 57500),
(13, '2024-01-18', 58200), (14, '2024-01-19', 57800);

-- =====================================================
-- D유형: 로그인 로그
-- =====================================================

CREATE TABLE login_logs (
    id INT PRIMARY KEY,
    user_id INT,
    login_date DATE
);

-- 로그인 로그 데이터
INSERT INTO login_logs VALUES
(1, 1, '2024-01-06'), (2, 1, '2024-01-07'), (3, 1, '2024-01-08'),
(4, 1, '2024-01-09'), (5, 1, '2024-01-10'), (6, 1, '2024-01-11'),
(7, 1, '2024-01-12'), (8, 1, '2024-01-13'), (9, 1, '2024-01-15'),
(10, 1, '2024-01-18'), (11, 1, '2024-01-20'),
(12, 2, '2024-01-08'), (13, 2, '2024-01-10'), (14, 2, '2024-01-15'),
(15, 2, '2024-01-20'), (16, 2, '2024-01-21'), (17, 2, '2024-01-22'),
(18, 2, '2024-01-23'), (19, 2, '2024-01-24'), (20, 2, '2024-01-25'),
(21, 2, '2024-01-26'),
(22, 3, '2024-01-11'), (23, 3, '2024-01-12'), (24, 3, '2024-01-13'),
(25, 3, '2024-01-14'), (26, 3, '2024-01-15'), (27, 3, '2024-01-16'),
(28, 3, '2024-01-17'), (29, 3, '2024-01-20'), (30, 3, '2024-01-25'),
(31, 4, '2024-01-13'), (32, 4, '2024-01-18'), (33, 4, '2024-01-25'),
(34, 5, '2024-01-16'), (35, 5, '2024-01-17'), (36, 5, '2024-01-20'),
(37, 6, '2024-01-19'), (38, 6, '2024-01-20'), (39, 6, '2024-01-21'),
(40, 6, '2024-01-22'), (41, 6, '2024-01-23'), (42, 6, '2024-01-24'),
(43, 6, '2024-01-25'), (44, 6, '2024-01-26'), (45, 6, '2024-01-27');

-- =====================================================
-- F유형: 장바구니/AB테스트
-- =====================================================

CREATE TABLE cart_items (
    id INT PRIMARY KEY,
    user_id INT,
    product_id INT,
    added_at DATETIME
);

CREATE TABLE ab_test_users (
    id INT PRIMARY KEY,
    user_id INT,
    test_group VARCHAR(10),
    assigned_at DATETIME
);

-- 장바구니 데이터
INSERT INTO cart_items VALUES
(1, 1, 1, '2024-01-06 08:00:00'), (2, 1, 3, '2024-01-06 08:05:00'),
(3, 2, 2, '2024-01-08 14:00:00'), (4, 2, 5, '2024-01-08 14:10:00'),
(5, 3, 1, '2024-01-12 09:30:00'), (6, 3, 7, '2024-01-12 09:35:00'),
(7, 4, 3, '2024-01-15 15:00:00'), (8, 4, 9, '2024-01-15 15:30:00'),
(9, 5, 2, '2024-01-17 10:00:00'), (10, 5, 6, '2024-01-17 10:15:00'),
(11, 6, 1, '2024-01-18 12:00:00'), (12, 6, 4, '2024-01-18 12:20:00'),
(13, 7, 5, '2024-01-20 08:00:00'), (14, 7, 8, '2024-01-20 08:30:00'),
(15, 8, 3, '2024-01-22 14:00:00'), (16, 8, 11, '2024-01-22 14:45:00'),
(17, 9, 2, '2024-01-25 09:00:00'), (18, 9, 13, '2024-01-25 09:30:00'),
(19, 10, 1, '2024-01-28 11:00:00'), (20, 10, 5, '2024-01-28 11:25:00'),
(21, 11, 4, '2024-02-01 08:30:00'), (22, 12, 7, '2024-02-05 13:00:00'),
(23, 13, 9, '2024-02-08 11:00:00'), (24, 14, 2, '2024-02-12 15:00:00'),
(25, 15, 6, '2024-02-15 09:00:00');

-- AB 테스트 데이터
INSERT INTO ab_test_users VALUES
(1, 1, 'A', '2024-01-05 10:30:00'), (2, 2, 'B', '2024-01-07 14:20:00'),
(3, 3, 'A', '2024-01-10 09:15:00'), (4, 4, 'B', '2024-01-12 16:45:00'),
(5, 5, 'A', '2024-01-15 11:00:00'), (6, 6, 'B', '2024-01-18 13:30:00'),
(7, 7, 'A', '2024-01-20 08:45:00'), (8, 8, 'B', '2024-01-22 15:20:00'),
(9, 9, 'A', '2024-01-25 10:10:00'), (10, 10, 'B', '2024-01-28 12:00:00'),
(11, 11, 'A', '2024-02-01 09:30:00'), (12, 12, 'B', '2024-02-05 14:15:00'),
(13, 13, 'A', '2024-02-08 11:45:00'), (14, 14, 'B', '2024-02-12 16:30:00'),
(15, 15, 'A', '2024-02-15 10:00:00'), (16, 16, 'B', '2024-02-18 13:20:00'),
(17, 17, 'A', '2024-02-22 08:50:00'), (18, 18, 'B', '2024-02-25 15:40:00'),
(19, 19, 'A', '2024-03-01 11:15:00'), (20, 20, 'B', '2024-03-05 14:00:00');

-- =====================================================
-- 확인 쿼리
-- =====================================================

SELECT 'Setup Complete!' AS status;
SELECT
    (SELECT COUNT(*) FROM users) AS users,
    (SELECT COUNT(*) FROM stores) AS stores,
    (SELECT COUNT(*) FROM products) AS products,
    (SELECT COUNT(*) FROM orders) AS orders,
    (SELECT COUNT(*) FROM authors) AS authors,
    (SELECT COUNT(*) FROM books) AS books,
    (SELECT COUNT(*) FROM employees) AS employees,
    (SELECT COUNT(*) FROM students) AS students;